oldcode;dis_nom;dep_code;dep_nom;spr_code;spr_nom;pop_tot;men_tot;men_ecl_elec;men_ecl_group;men_ecl_solaire;men_ecl_lampe;men_ecl_bois;men_ecl_torche;men_ecl_autre
CI010101;Abidjan;A1;Abidjan;A101;Abidjan;5616633;1261750;1242973;3295;2951;1452;123;10140;816
CI010102;Abidjan;A1;Abidjan;A102;Anyama;389592;80147;76371;411;1725;481;19;1011;129
CI010103;Abidjan;A1;Abidjan;A103;Bingerville;204656;46607;44972;74;419;222;3;860;57
CI010104;Abidjan;A1;Abidjan;A104;Brofodoumé;20357;5088;4515;18;229;50;2;274;0
CI010105;Abidjan;A1;Abidjan;A105;Songon;89778;20544;18777;65;551;279;13;856;3
CI020101;Yamoussoukro;B1;Attiégouakro;B101;Attiégouakro;14863;2819;2077;0;10;10;1;718;3
CI020102;Yamoussoukro;B1;Attiégouakro;B102;Lolobo;34650;6513;5143;1;122;12;4;1224;7
CI020201;Yamoussoukro;B1;Yamoussoukro;B103;Yamoussoukro;340234;67394;62840;120;2371;212;14;1800;37
CI020202;Yamoussoukro;B1;Yamoussoukro;B104;Kossou;32326;6034;4388;50;242;23;2;1328;1
CI290102;Bas-Sassandra;C1;San Pédro;C101;Doba;95246;17498;2875;197;12171;153;56;2031;15
CI290103;Bas-Sassandra;C1;San Pédro;C102;Dogbo;61632;10015;19;139;8758;95;19;970;15
CI290104;Bas-Sassandra;C1;San Pédro;C103;Gabiadji;113369;20666;12275;73;5655;124;32;2468;39
CI290105;Bas-Sassandra;C1;San Pédro;C104;Grand-Béréby;129340;26269;12565;720;10099;253;49;2532;51
CI290101;Bas-Sassandra;C1;San Pédro;C105;San-Pédro;390654;75903;59053;299;12203;302;54;3935;57
CI290202;Bas-Sassandra;C2;Tabou;C201;Dapo-Iboké;20368;4647;982;69;2676;132;3;774;11
CI290203;Bas-Sassandra;C2;Tabou;C202;Djamandioké;22824;3372;1013;275;1318;19;6;738;3
CI290204;Bas-Sassandra;C2;Tabou;C203;Djouroutou;91316;15377;169;500;13159;49;33;1433;34
CI290205;Bas-Sassandra;C2;Tabou;C204;Grabo;53824;9789;1939;230;6523;16;27;1041;13
CI290206;Bas-Sassandra;C2;Tabou;C205;Olodio;19429;4786;313;181;3261;26;8;980;17
CI290201;Bas-Sassandra;C2;Tabou;C206;Tabou;62719;9743;6899;97;1801;35;7;902;2
CI260101;Bas-Sassandra;C3;Buyo;C301;Buyo;100848;15769;7452;528;5543;92;17;2122;15
CI260102;Bas-Sassandra;C3;Buyo;C302;Dapéoua;75721;11922;2679;91;7189;125;32;1755;51
CI260202;Bas-Sassandra;C4;Guéyo;C401;Dabouyo;45751;7579;4963;116;1712;62;7;701;18
CI260201;Bas-Sassandra;C4;Guéyo;C402;Guéyo;56462;10230;4865;51;3763;49;20;1465;17
CI260402;Bas-Sassandra;C6;Méagui;C501;Gnanmangui;83794;13047;190;10472;132;20;2070;18;0
CI260301;Bas-Sassandra;C5;Méagui;C502;Méagui;153483;33047;19105;278;9646;206;27;3735;50
CI260302;Bas-Sassandra;C5;Méagui;C503;Oupoyo;61973;9385;6121;24;1717;200;16;1307;0
CI260403;Bas-Sassandra;C6;Soubré;C601;Grand-Zatry;112049;17399;11036;249;3586;332;29;2156;11
CI260404;Bas-Sassandra;C6;Soubré;C602;Liliyo;82566;14682;11509;39;1584;70;15;1458;7
CI260405;Bas-Sassandra;C6;Soubré;C603;Okrouyo;120053;19805;7233;329;9524;165;34;2512;8
CI260401;Bas-Sassandra;C6;Soubré;C604;Soubre;272773;56747;44964;186;7008;181;23;4284;101
CI120101;Bas-Sassandra;C7;Fresco;C701;Dahiri;34821;5802;1445;277;2432;58;6;1584;0
CI120102;Bas-Sassandra;C7;Fresco;C702;Fresco;48098;10602;4618;826;2723;190;21;2201;23
CI120103;Bas-Sassandra;C7;Fresco;C703;Gbagbam;24832;4222;1103;118;1844;100;16;1040;1
CI120202;Bas-Sassandra;C8;Sassandra;C801;Dakpadou;71998;12089;4048;2368;4490;66;14;1014;89
CI120203;Bas-Sassandra;C8;Sassandra;C802;Grihiri;41965;7083;9;67;5885;113;15;987;7
CI120204;Bas-Sassandra;C8;Sassandra;C803;Lobakuya;42746;6521;40;43;5476;97;10;855;0
CI120205;Bas-Sassandra;C8;Sassandra;C804;Medon;17437;3554;8;47;2585;129;14;700;71
CI120206;Bas-Sassandra;C8;Sassandra;C805;Sago;91140;17190;2534;180;11721;152;28;2564;11
CI120201;Bas-Sassandra;C8;Sassandra;C806;Sassandra;87945;18028;10476;143;5211;102;30;2041;25
CI200101;Comoe;D1;Abengourou;D101;Abengourou;164424;32376;29031;97;1196;279;18;1731;24
CI200102;Comoe;D1;Abengourou;D102;Amélékia;25387;6863;5280;4;185;27;3;1346;18
CI200103;Comoe;D1;Abengourou;D103;Aniassué;42729;8215;5748;35;928;31;11;1459;3
CI200104;Comoe;D1;Abengourou;D104;Ebilassokro;28331;5098;2929;18;1393;7;6;742;3
CI200105;Comoe;D1;Abengourou;D105;Niable;57081;10734;8036;20;815;51;31;1780;1
CI200106;Comoe;D1;Abengourou;D106;Yakasse-Féyassé;52445;11742;8316;25;570;304;21;2497;9
CI200107;Comoe;D1;Abengourou;D107;Zaranou;60142;12466;10681;21;466;243;6;1045;4
CI200201;Comoe;D2;Agnibilékrou;D201;Agnibilekrou;99501;23896;21511;123;654;183;27;1390;8
CI200202;Comoe;D2;Agnibilékrou;D202;Akoboissué;36022;7281;4855;122;663;189;31;1421;0
CI200203;Comoe;D2;Agnibilékrou;D203;Damé;23691;4501;2966;18;333;169;6;1007;2
CI200204;Comoe;D2;Agnibilékrou;D204;Duffrebo;44107;8738;5550;15;1319;125;17;1691;21
CI200205;Comoe;D2;Agnibilékrou;D205;Tanguélan;12944;2466;1847;64;260;78;1;215;1
CI200301;Comoe;D3;Béttié;D301;Bettié;33020;6207;4958;34;316;38;7;851;3
CI200302;Comoe;D3;Béttié;D302;Diamarakro;36621;5558;3267;33;884;117;14;1243;0
CI300101;Comoe;D4;Aboisso;D401;Aboisso;100903;23098;19709;98;1853;64;63;1269;42
CI300102;Comoe;D4;Aboisso;D402;Adaou;51050;8836;7488;35;726;65;10;509;3
CI300103;Comoe;D4;Aboisso;D403;Adjouan;28663;5347;4671;18;392;19;3;242;2
CI300104;Comoe;D4;Aboisso;D404;Ayamé;28272;5632;3891;50;1073;33;8;576;1
CI300105;Comoe;D4;Aboisso;D405;Bianouan;49647;8165;5787;20;1294;41;11;1012;0
CI300106;Comoe;D4;Aboisso;D406;Kouakro;34685;6780;4438;128;1098;66;20;1025;5
CI300107;Comoe;D4;Aboisso;D407;Maféré;46410;10134;8155;96;1143;72;21;642;5
CI300108;Comoe;D4;Aboisso;D408;Yaou;22213;3749;2729;9;507;2;4;498;0
CI300201;Comoe;D5;Adiaké;D501;Adiake;50556;10651;9520;49;228;121;8;724;1
CI300202;Comoe;D5;Adiaké;D502;Assinie-Mafia;21941;5208;4129;184;296;18;3;575;3
CI300203;Comoe;D5;Adiaké;D503;Etuéboué;15510;2541;1540;9;630;7;1;353;1
CI300301;Comoe;D6;Grand-Bassam;D601;Bongo;24148;5614;4499;17;561;72;13;449;3
CI300302;Comoe;D6;Grand-Bassam;D602;Bonoua;118388;27302;25370;219;787;95;14;815;2
CI300303;Comoe;D6;Grand-Bassam;D603;Grand-Bassam;124567;27232;26021;86;567;84;20;438;16
CI300402;Comoe;D7;Tiapoum;D701;Noé;24651;4335;3170;28;600;21;0;515;1
CI300403;Comoe;D7;Tiapoum;D702;Nouamou;17403;2491;2346;2;48;33;1;61;0
CI300401;Comoe;D7;Tiapoum;D703;Tiapoum;25887;4799;3943;8;407;65;9;367;0
CI210101;Denguele;E1;Gbeleban;E101;Gbéléban;4507;797;772;1;2;3;0;19;0
CI210102;Denguele;E1;Gbeleban;E102;Samango;17219;2680;2342;1;40;7;0;290;0
CI210103;Denguele;E1;Gbeleban;E103;Seydougou;7806;1013;988;0;1;2;0;22;0
CI210202;Denguele;E2;Madinani;E201;Fengolo;7462;693;584;5;62;5;1;35;1
CI210201;Denguele;E2;Madinani;E202;Madinani;32751;3558;3061;44;244;0;3;203;3
CI210203;Denguele;E2;Madinani;E203;N'Goloblasso;10035;930;818;14;70;0;0;28;0
CI210302;Denguele;E3;Odienne;E301;Bako;28373;3767;2849;61;181;16;6;652;2
CI210303;Denguele;E3;Odienne;E302;Bougousso;10151;1066;938;8;40;6;4;70;0
CI210304;Denguele;E3;Odienne;E303;Dioulatiedougou;20285;3025;1195;13;841;4;35;936;1
CI210301;Denguele;E3;Odienne;E304;Odienné;86279;20193;19620;91;110;46;28;294;4
CI210305;Denguele;E3;Odienne;E305;Tiémé;11644;1986;1844;48;20;6;0;68;0
CI210402;Denguele;E4;Samatiguila;E401;Kimbirila Sud;11933;1686;1584;4;15;7;3;69;4
CI210401;Denguele;E4;Samatiguila;E402;Samatiguila;7777;1612;1460;29;52;12;6;52;1
CI210502;Denguele;E5;Séguélon;E501;Gbongaha;12372;1772;1185;5;508;3;0;71;0
CI210501;Denguele;E5;Séguélon;E502;Séguélon;21213;3338;2415;6;524;12;2;357;22
CI100101;Denguele;E6;Kaniasso;E601;Goulia;27121;2331;1760;4;373;4;0;189;1
CI100102;Denguele;E6;Kaniasso;E602;Kaniasso;18639;2193;1914;6;171;0;5;97;0
CI100103;Denguele;E6;Kaniasso;E603;Mahandiana-Sokourani;38812;4035;2756;25;996;32;4;218;4
CI100202;Denguele;E7;Minignan;E701;Kimbirila-Nord;9415;1242;765;0;220;49;16;191;1
CI100201;Denguele;E7;Minignan;E702;Minignan;24251;4292;3529;6;374;15;6;362;0
CI100203;Denguele;E7;Minignan;E703;Sokoro;8109;1586;1138;2;158;5;5;278;0
CI100204;Denguele;E7;Minignan;E704;Tienko;19862;2833;2164;5;409;29;5;220;1
CI130101;Goh-Djiboua;F1;Gagnoa;F101;Bayota;54139;9022;5729;76;1544;305;12;1355;1
CI130102;Goh-Djiboua;F1;Gagnoa;F102;Dahiépa-Kéhi;20827;4261;3551;2;282;8;2;412;4
CI130103;Goh-Djiboua;F1;Gagnoa;F103;Dignago;35712;6233;4021;55;1056;129;17;952;3
CI130104;Goh-Djiboua;F1;Gagnoa;F104;Dougroupalégnoa;58655;9609;7439;19;1214;88;7;841;1
CI130105;Goh-Djiboua;F1;Gagnoa;F105;Doukouyo;18867;2869;1574;12;1045;15;4;217;2
CI130106;Goh-Djiboua;F1;Gagnoa;F106;Gagnoa;277044;56063;51456;188;1927;338;23;2090;41
CI130107;Goh-Djiboua;F1;Gagnoa;F107;Galébouo;38550;7442;5528;92;787;12;26;967;30
CI130108;Goh-Djiboua;F1;Gagnoa;F108;Gnagbodougnoa;17196;3171;2710;2;59;37;2;361;0
CI130109;Goh-Djiboua;F1;Gagnoa;F109;Guiberoua;77669;14794;8487;95;3015;201;18;2973;5
CI130110;Goh-Djiboua;F1;Gagnoa;F110;Ouragahio;50150;9227;7138;13;975;207;2;883;9
CI130111;Goh-Djiboua;F1;Gagnoa;F111;Sérihio;46320;7537;2512;167;3543;45;17;1249;4
CI130112;Goh-Djiboua;F1;Gagnoa;F112;Yopohue;29367;4865;3512;21;864;62;8;398;0
CI130202;Goh-Djiboua;F2;Oumé;F201;Diégonéfla;74076;14809;11664;34;1059;140;10;1874;28
CI130203;Goh-Djiboua;F2;Oumé;F202;Guépahouo;28007;4427;3225;6;422;94;9;668;3
CI130201;Goh-Djiboua;F2;Oumé;F203;Oumé;127153;25028;18440;143;2811;436;18;3148;32
CI130204;Goh-Djiboua;F2;Oumé;F204;Tonla;31550;5192;3958;16;556;20;2;607;33
CI220101;Goh-Djiboua;F3;Divo;F301;Chiépo;26330;3809;898;46;2440;11;1;408;5
CI220102;Goh-Djiboua;F3;Divo;F302;Didoko;34280;5510;3420;27;1025;50;3;983;2
CI220103;Goh-Djiboua;F3;Divo;F303;Divo;294559;54662;45466;361;5247;325;16;3108;139
CI220104;Goh-Djiboua;F3;Divo;F304;Hiré;78139;16619;14514;31;840;62;10;1153;9
CI220105;Goh-Djiboua;F3;Divo;F305;Nébo;32516;5602;926;50;3197;74;2;1346;7
CI220106;Goh-Djiboua;F3;Divo;F306;Ogoudou;72586;13042;8737;87;2569;170;13;1465;1
CI220107;Goh-Djiboua;F3;Divo;F307;Zégo;33278;4421;2036;100;1267;344;4;670;0
CI220202;Goh-Djiboua;F4;Guitry;F401;Dairo Didizo;59267;9164;4411;65;2572;34;8;2072;2
CI220201;Goh-Djiboua;F4;Guitry;F402;Guitry;79231;14257;8320;109;4031;332;10;1439;16
CI220203;Goh-Djiboua;F4;Guitry;F403;Lauzoua;32024;5400;455;183;3656;239;11;854;2
CI220204;Goh-Djiboua;F4;Guitry;F404;Yocoboué;26713;4425;2575;51;1466;40;2;288;3
CI220302;Goh-Djiboua;F5;Lakota;F501;Djidji;16114;2884;2493;2;226;18;0;142;3
CI220304;Goh-Djiboua;F5;Lakota;F502;Kadéko;19959;3002;2339;4;323;7;1;325;3
CI220303;Goh-Djiboua;F5;Lakota;F503;Goudouko;32677;6722;3912;102;1288;152;4;1225;39
CI220301;Goh-Djiboua;F5;Lakota;F504;Lakota;169330;33968;26119;253;3863;254;54;3367;58
CI220305;Goh-Djiboua;F5;Lakota;F505;Niambézaria;84303;14338;7008;239;4933;217;15;1918;8
CI220306;Goh-Djiboua;F5;Lakota;F506;Zikisso;11851;2260;2050;5;122;2;0;79;2
CI060101;Lacs;G1;Didievi;G101;Boli;14006;2313;1711;8;35;1;0;558;0
CI060102;Lacs;G1;Didievi;G102;Didievi;26500;4867;4119;4;94;11;6;628;5
CI060103;Lacs;G1;Didievi;G103;Molonou-Blé;22431;3600;2837;4;123;13;2;619;2
CI060104;Lacs;G1;Didievi;G104;Raviart;18339;2923;2141;2;80;2;3;695;0
CI060105;Lacs;G1;Didievi;G105;Tie N'Diékro;12353;2158;1393;3;84;3;0;675;0
CI060201;Lacs;G2;Djekanou;G201;Bonikro;10337;2824;2310;6;118;6;2;377;5
CI060202;Lacs;G2;Djekanou;G202;Djékanou;26944;5978;4183;18;515;71;0;1180;11
CI060302;Lacs;G3;Tiébissou;G301;Lomokankro;14988;2578;1707;1;34;8;3;825;0
CI060303;Lacs;G3;Tiébissou;G302;Molonou;23062;4647;2880;103;502;2;2;1158;0
CI060301;Lacs;G3;Tiébissou;G303;Tiébissou;65251;12465;10126;32;362;128;7;1776;34
CI060304;Lacs;G3;Tiébissou;G304;Yakpabo-Sakassou;13020;2475;1145;4;31;18;2;1241;34
CI060402;Lacs;G4;Toumodi;G401;Angoda;11819;2222;2025;0;14;3;0;179;1
CI060403;Lacs;G4;Toumodi;G402;Kokoumbo;34575;6764;5326;9;390;2;4;1030;3
CI060404;Lacs;G4;Toumodi;G403;Kpouèbo;33388;6758;3862;87;608;10;8;2176;7
CI060401;Lacs;G4;Toumodi;G404;Toumodi;88580;17809;16459;84;332;121;2;807;4
CI190103;Lacs;G5;Daoukro;G501;Daoukro;101136;23632;19226;55;895;45;23;3351;37
CI190104;Lacs;G5;Daoukro;G502;Ettrokro;22963;3696;1617;21;898;32;6;1120;2
CI190105;Lacs;G5;Daoukro;G503;N'Gattakro;11707;2800;1627;13;629;38;5;486;2
CI190107;Lacs;G5;Daoukro;G504;Samanza;12290;2093;1422;8;170;46;3;444;0
CI190202;Lacs;G6;M'Bahiakro;G601;Bonguéra;18301;2799;827;34;736;27;37;1133;5
CI190203;Lacs;G6;M'Bahiakro;G602;Kondossou;10311;1901;94;24;600;4;4;1171;4
CI190201;Lacs;G6;M'Bahiakro;G603;M'Bahiakro;49758;9904;5982;54;968;97;19;2781;3
CI190101;Lacs;G7;Ouellé;G701;Akpassanou;5693;1082;219;2;46;3;6;801;5
CI190102;Lacs;G7;Ouellé;G702;Ananda;13166;2304;1353;4;81;3;3;856;4
CI190106;Lacs;G7;Ouellé;G703;Ouellé;37641;8675;6019;27;277;60;4;2279;9
CI190302;Lacs;G8;Prikro;G801;Anianou;7956;1032;257;3;122;1;1;632;16
CI190303;Lacs;G8;Prikro;G802;Famienkro;17163;2372;1568;3;466;4;1;330;0
CI190304;Lacs;G8;Prikro;G803;Koffi-Amonkro;12933;2165;1772;2;105;13;1;272;0
CI190305;Lacs;G8;Prikro;G804;Nafana;13667;2179;984;1;349;2;9;834;0
CI190301;Lacs;G8;Prikro;G805;Prikro;43875;7782;5245;20;596;15;12;1867;27
CI270101;Lacs;G9;Bocanda;G901;Bengassou;24655;4078;1818;6;709;7;5;1531;2
CI270102;Lacs;G9;Bocanda;G902;Bocanda;59242;10525;6220;124;680;236;23;3239;3
CI270103;Lacs;G9;Bocanda;G903;Kouadioblékro;20455;3226;1282;9;339;7;3;1581;5
CI270104;Lacs;G9;Bocanda;G904;N'Zécrezessou;17118;3223;2071;2;274;98;4;773;1
CI270201;Lacs;GA;Dimbokro;GA01;Abigui;8665;1558;1059;25;17;4;0;444;9
CI270202;Lacs;GA;Dimbokro;GA02;Diangokro;16135;4072;2966;2;131;36;0;937;0
CI270203;Lacs;GA;Dimbokro;GA03;Dimbokro;70198;15377;14467;11;101;33;3;745;17
CI270204;Lacs;GA;Dimbokro;GA04;Nofou;7194;1516;804;1;92;1;0;617;1
CI270301;Lacs;GB;Kouassi-Kouassikro;GB01;Kouassi-Kouassikro;24421;3977;2227;11;407;25;10;1281;16
CI270302;Lacs;GB;Kouassi-Kouassikro;GB02;Mékro;6541;1073;537;29;32;0;0;475;0
CI250101;Lacs;GC;Arrah;GC01;Arrah;45625;9762;8653;43;348;120;3;593;2
CI250102;Lacs;GC;Arrah;GC02;Kotobi;37595;7538;5979;133;173;25;3;1224;1
CI250103;Lacs;GC;Arrah;GC03;Krégbé;20626;3898;3059;6;166;18;3;644;2
CI250201;Lacs;GD;Bongouanou;GD01;Andé;58287;13387;11231;55;168;165;13;1747;8
CI250202;Lacs;GD;Bongouanou;GD02;Assié-Koumassi;21962;3338;2784;9;72;66;1;378;28
CI250203;Lacs;GD;Bongouanou;GD03;Bongouanou;74281;16585;14783;34;284;60;44;1371;9
CI250204;Lacs;GD;Bongouanou;GD04;N'Guessankro;38629;7130;6340;33;71;25;5;654;2
CI250302;Lacs;GE;M'Batto;GE01;Anoumaba;22572;3925;2548;10;437;179;20;726;5
CI250303;Lacs;GE;M'Batto;GE02;Assahara;11495;1856;1651;3;44;1;4;153;0
CI250301;Lacs;GE;M'Batto;GE03;M'Batto;76129;12338;9796;15;546;98;4;1867;12
CI250304;Lacs;GE;M'Batto;GE04;Tiémélékro;32554;6668;5772;6;214;56;8;606;6
CI150101;Lagunes;H1;Dabou;H101;Dabou;138083;29086;28207;77;192;121;3;469;17
CI150102;Lagunes;H1;Dabou;H102;Lopou;35286;7491;5690;19;663;24;26;1059;10
CI150103;Lagunes;H1;Dabou;H103;Toupah;40212;9205;7640;31;744;100;154;531;5
CI150201;Lagunes;H2;Grand-Lahou;H201;Ahouanou;33939;5895;1481;33;3394;27;19;939;2
CI150202;Lagunes;H2;Grand-Lahou;H202;Bacanda;22926;3648;1660;18;1502;13;4;449;2
CI150203;Lagunes;H2;Grand-Lahou;H203;Ebonou;18552;3543;244;174;1702;145;12;1265;1
CI150204;Lagunes;H2;Grand-Lahou;H204;Grand Lahou;77479;15533;10794;864;2001;179;57;1631;7
CI150205;Lagunes;H2;Grand-Lahou;H205;Toukouzou;2935;648;285;3;100;38;7;214;1
CI150302;Lagunes;H3;Jacqueville;H301;Attoutou;30899;6784;4999;31;958;45;3;745;3
CI150301;Lagunes;H3;Jacqueville;H302;Jacqueville;49694;11327;9482;149;397;115;19;1161;4
CI030101;Lagunes;H4;Agboville;H401;Aboudé;28315;4129;2416;14;508;82;14;1013;82
CI030103;Lagunes;H4;Agboville;H402;Ananguié;18311;2805;2115;35;336;42;8;260;9
CI030102;Lagunes;H4;Agboville;H403;Agboville;135082;27333;25532;65;618;63;9;1039;7
CI030104;Lagunes;H4;Agboville;H404;Attobrou;25972;4008;2141;37;698;121;33;977;1
CI030105;Lagunes;H4;Agboville;H405;Azaguié;38066;8761;7890;63;490;32;25;258;3
CI030106;Lagunes;H4;Agboville;H406;Cechi;25967;3951;2898;13;500;9;1;517;13
CI030107;Lagunes;H4;Agboville;H407;Grand-Morié;25302;4026;2889;32;286;31;12;775;1
CI030108;Lagunes;H4;Agboville;H408;Guessiguié;26167;4585;3559;27;421;120;11;446;1
CI030109;Lagunes;H4;Agboville;H409;Loviguié;19771;3445;2983;8;123;66;1;264;0
CI030110;Lagunes;H4;Agboville;H410;Oress-Krobou;8611;1277;1157;2;29;6;1;82;0
CI030111;Lagunes;H4;Agboville;H411;Rubino;32775;5811;3659;47;1407;28;0;669;1
CI030202;Lagunes;H5;Sikensi;H501;Gomon;34865;5795;3441;59;1429;194;21;751;0
CI030201;Lagunes;H5;Sikensi;H502;Sikensi;91032;16715;14481;46;775;161;12;1232;8
CI030302;Lagunes;H6;Taabo;H601;Pacobo;19572;4269;2482;104;769;12;1;898;3
CI030301;Lagunes;H6;Taabo;H602;Taabo;57189;10485;7638;43;1245;62;11;1444;42
CI030402;Lagunes;H7;Tiassalé;H701;Gbolouville;42476;6430;3595;43;1635;43;6;1100;8
CI030403;Lagunes;H7;Tiassalé;H702;Morokro;55636;8158;3551;103;2151;102;90;2142;19
CI030404;Lagunes;H7;Tiassalé;H703;N'Douci;97194;17644;13291;373;2150;208;10;1604;8
CI030401;Lagunes;H7;Tiassalé;H704;Tiassalé;83648;19135;14262;43;2159;160;15;2470;26
CI240101;Lagunes;H8;Adzopé;H801;Adzopé;156488;25668;23649;49;447;160;17;1334;12
CI240102;Lagunes;H8;Adzopé;H802;Agou;31091;4555;4227;1;24;64;5;234;0
CI240103;Lagunes;H8;Adzopé;H803;Annepé;25367;2721;2494;21;89;28;1;87;1
CI240104;Lagunes;H8;Adzopé;H804;Assikoi;20899;2566;2306;91;53;62;5;49;0
CI240105;Lagunes;H8;Adzopé;H805;Bécédi-Brignan;22614;2750;2394;29;105;22;0;198;2
CI240106;Lagunes;H8;Adzopé;H806;Yakassé-Mé;27268;3668;3419;13;67;24;2;143;0
CI240201;Lagunes;H9;Akoupé;H901;Afféry;47109;7391;6081;19;320;10;3;958;0
CI240202;Lagunes;H9;Akoupé;H902;Akoupé;79065;11500;10408;31;198;45;7;810;1
CI240203;Lagunes;H9;Akoupé;H903;Bécouéfin;30525;5066;4332;42;148;43;3;494;4
CI240301;Lagunes;HA;Alépé;HA01;Aboisso-Comoé;33471;4074;2282;30;1488;18;5;249;2
CI240302;Lagunes;HA;Alépé;HA02;Alépé;60468;11141;10114;41;359;40;13;569;5
CI240303;Lagunes;HA;Alépé;HA03;Allosso;13860;2195;598;4;751;60;3;779;0
CI240304;Lagunes;HA;Alépé;HA04;Danguira;55413;8351;5685;64;994;161;13;1430;4
CI240305;Lagunes;HA;Alépé;HA05;Oghlwapo;17041;3154;2829;18;97;82;2;123;3
CI240402;Lagunes;HB;Yakassé-Attobrou;HB01;Abongoua;17497;2208;1592;2;230;2;2;377;3
CI240403;Lagunes;HB;Yakassé-Attobrou;HB02;Biéby;24178;3037;1787;437;288;14;19;492;0
CI240401;Lagunes;HB;Yakassé-Attobrou;HB03;Yakasse-Attobrou;64311;7999;6579;36;717;124;17;526;0
CI320101;Montagnes;I1;Biankouma;I101;Biankouma;71470;14505;10931;53;774;100;52;2592;3
CI320102;Montagnes;I1;Biankouma;I102;Blapleu;25371;5150;1736;58;2168;25;28;1128;7
CI320103;Montagnes;I1;Biankouma;I103;Gbangbégouiné;4132;1256;278;9;397;24;0;548;0
CI320104;Montagnes;I1;Biankouma;I104;Gbonné;54809;10246;1597;57;6065;109;38;2378;2
CI320105;Montagnes;I1;Biankouma;I105;Gouiné;21835;4582;19;21;2254;34;135;2080;39
CI320106;Montagnes;I1;Biankouma;I106;Kpata;9278;2127;646;39;502;17;11;908;4
CI320107;Montagnes;I1;Biankouma;I107;Santa;51819;10161;813;64;5652;75;27;3529;1
CI320201;Montagnes;I2;Danané;I201;Daleu;56653;10998;489;71;4671;329;80;5351;7
CI320202;Montagnes;I2;Danané;I202;Danané;131586;26004;16518;72;2417;342;46;6559;50
CI320203;Montagnes;I2;Danané;I203;Gbon-Houyé;19090;3522;736;12;685;158;9;1913;9
CI320204;Montagnes;I2;Danané;I204;Kouan-Houlé;36769;7056;1901;28;1356;64;14;3688;5
CI320205;Montagnes;I2;Danané;I205;Mahapleu;66898;13396;4403;119;4308;126;23;4415;2
CI320206;Montagnes;I2;Danané;I206;Seileu;23525;4083;1925;22;398;12;21;1703;2
CI320207;Montagnes;I2;Danané;I207;Zonneu;29491;5137;34;19;2451;163;23;2446;1
CI320302;Montagnes;I3;Man;I301;Bogouiné;21096;4021;2652;26;399;10;7;925;2
CI320303;Montagnes;I3;Man;I302;Fagnampleu;3149;707;550;0;15;0;0;141;1
CI320304;Montagnes;I3;Man;I303;Gbangbegouiné-Yati;25660;4960;3386;24;517;104;5;924;0
CI320305;Montagnes;I3;Man;I304;Logoualé;32854;6352;4484;90;877;31;10;857;3
CI320301;Montagnes;I3;Man;I305;Man;241969;49052;46681;176;595;184;11;1392;13
CI320306;Montagnes;I3;Man;I306;Podiagouiné;32607;6319;2923;14;1116;71;62;2124;9
CI320307;Montagnes;I3;Man;I307;Sandougou-Soba;7347;1860;415;3;377;114;1;950;0
CI320308;Montagnes;I3;Man;I308;Sangouiné;63521;12048;4937;58;4833;107;10;2036;67
CI320309;Montagnes;I3;Man;I309;Yapleu;11145;2000;1387;11;338;5;1;257;1
CI320310;Montagnes;I3;Man;I310;Zagoué;5822;1497;1179;1;59;57;1;200;0
CI320311;Montagnes;I3;Man;I311;Ziogouiné;15966;2880;1843;7;327;5;3;694;1
CI320401;Montagnes;I4;Sipilou;I401;Sipilou;41516;7826;2551;97;2132;9;23;3012;2
CI320402;Montagnes;I4;Sipilou;I402;Yorodougou;31593;6935;1967;136;2684;296;68;1783;1
CI320502;Montagnes;I5;Zouan-Hounien;I501;Banneu;20393;3271;708;67;897;31;6;1562;0
CI320503;Montagnes;I5;Zouan-Hounien;I502;Bin-Houyé;30796;5080;2580;27;466;64;5;1916;22
CI320504;Montagnes;I5;Zouan-Hounien;I503;Goulaleu;30250;4961;1527;25;1011;61;35;2302;0
CI320505;Montagnes;I5;Zouan-Hounien;I504;Téapleu;42814;7351;4240;13;547;21;11;2518;1
CI320506;Montagnes;I5;Zouan-Hounien;I505;Yelleu;15586;2516;889;29;298;19;4;1277;0
CI320501;Montagnes;I5;Zouan-Hounien;I506;Zouan Hounien;111099;20792;11747;101;2269;313;32;6314;16
CI090101;Montagnes;I6;Bloléquin;I601;Bloléquin;123133;24448;6059;400;11451;165;63;6304;6
CI090102;Montagnes;I6;Bloléquin;I602;Diboké;24758;5467;273;256;3585;9;15;1324;5
CI090103;Montagnes;I6;Bloléquin;I603;Doké;35677;7767;1977;38;2706;86;8;2948;4
CI090104;Montagnes;I6;Bloléquin;I604;Tinhou;22744;4769;374;28;2805;1;22;1513;26
CI090105;Montagnes;I6;Bloléquin;I605;Zéaglo;31631;6559;1354;37;3570;1;28;1568;1
CI090202;Montagnes;I7;Guiglo;I701;Bédi-Gaozon;26618;5286;440;50;3106;6;9;1674;1
CI090201;Montagnes;I7;Guiglo;I702;Guiglo;171454;31791;16801;198;10689;299;29;3769;6
CI090203;Montagnes;I7;Guiglo;I703;Kaadé;39413;7015;825;49;4194;191;29;1726;1
CI090204;Montagnes;I7;Guiglo;I704;Nizahon;21897;3237;1058;15;1902;7;2;247;6
CI090301;Montagnes;I8;Taï;I801;Taï;42909;9238;3949;81;4006;54;10;1123;15
CI090302;Montagnes;I8;Taï;I802;Zagné;74478;15876;5188;777;8119;43;18;1648;83
CI090402;Montagnes;I9;Toulepleu;I901;Bakoubly;7186;1537;801;0;121;4;1;609;1
CI090403;Montagnes;I9;Toulepleu;I902;Méo;22012;4719;588;37;3028;6;8;1052;0
CI090404;Montagnes;I9;Toulepleu;I903;Nézobly;9300;1130;235;6;273;1;1;614;0
CI090405;Montagnes;I9;Toulepleu;I904;Péhé;17609;3227;1485;3;446;94;3;1196;0
CI090406;Montagnes;I9;Toulepleu;I905;Tiobly;9742;1807;711;6;423;116;5;546;0
CI090401;Montagnes;I9;Toulepleu;I906;Toulepleu;27680;5671;3628;25;729;53;2;1215;19
CI160101;Montagnes;IA;Bangolo;IA01;Bangolo;56415;12169;7327;58;1653;29;12;3085;5
CI160102;Montagnes;IA;Bangolo;IA02;Béoué-Zibiao;18297;3585;558;37;1447;82;6;1453;2
CI160103;Montagnes;IA;Bangolo;IA03;Bléniméouin;18593;2754;97;15;1911;26;5;700;0
CI160104;Montagnes;IA;Bangolo;IA04;Diéouzon;18316;3472;1778;14;897;7;7;769;0
CI160105;Montagnes;IA;Bangolo;IA05;Gohouo-Zagna;15564;2290;868;12;804;36;3;499;68
CI160106;Montagnes;IA;Bangolo;IA06;Guinglo-Tahouaké;17999;3268;17;12;2099;36;5;1093;6
CI160107;Montagnes;IA;Bangolo;IA07;Kahin-Zarabaon;59759;10211;1935;65;6662;30;16;1466;37
CI160108;Montagnes;IA;Bangolo;IA08;Zéo;12822;2641;653;20;675;1;4;1285;3
CI160109;Montagnes;IA;Bangolo;IA09;Zou;52864;8820;1670;54;5325;103;11;1587;70
CI160201;Montagnes;IB;Duékoué;IB01;Bagohouo;30001;4921;13;43;3329;2;4;1530;0
CI160202;Montagnes;IB;Duékoué;IB02;Duékoué;220953;43377;28759;251;9292;286;71;4703;15
CI160203;Montagnes;IB;Duékoué;IB03;Gbapleu;60833;9211;2556;67;4873;25;13;1674;3
CI160204;Montagnes;IB;Duékoué;IB04;Guéhiébly;52689;8583;2649;63;3782;76;8;1993;12
CI160205;Montagnes;IB;Duékoué;IB05;Guézon;56435;9198;4740;39;2506;63;36;1814;0
CI160301;Montagnes;IC;Facobly;IC01;Facobly;27352;5052;4020;16;239;48;7;704;18
CI160302;Montagnes;IC;Facobly;IC02;Guézon;10208;1790;986;7;391;10;5;390;1
CI160303;Montagnes;IC;Facobly;IC03;Koua;11892;2017;702;9;501;9;3;793;0
CI160304;Montagnes;IC;Facobly;IC04;Sémien;35636;5440;1270;57;2362;97;6;1644;4
CI160305;Montagnes;IC;Facobly;IC05;Tiény-Séably;9522;1816;1554;0;39;0;6;216;1
CI160401;Montagnes;ID;Kouibly;ID01;Kouibly;49047;7619;4025;40;2181;168;15;1174;16
CI160402;Montagnes;ID;Kouibly;ID02;Nidrou;12953;2927;1578;30;589;9;7;714;0
CI160403;Montagnes;ID;Kouibly;ID03;Ouyably-Gnondrou;61786;8616;185;107;6790;59;29;1443;3
CI160404;Montagnes;ID;Kouibly;ID04;Totrodrou;20936;4125;1438;30;1687;11;5;950;4
CI180101;Sassandra-Marahoue;J1;Daloa;J101;Bédiala;84474;12125;7284;47;2584;140;34;2036;0
CI180102;Sassandra-Marahoue;J1;Daloa;J102;Daloa;421879;80584;67831;411;6775;547;73;4903;44
CI180103;Sassandra-Marahoue;J1;Daloa;J103;Gadouan;62056;9546;5074;110;2660;115;18;1551;18
CI180104;Sassandra-Marahoue;J1;Daloa;J104;Gboguhé;69020;11154;6456;37;2256;66;17;2320;2
CI180105;Sassandra-Marahoue;J1;Daloa;J105;Gonaté;44611;7198;4326;74;1433;33;11;1316;5
CI180106;Sassandra-Marahoue;J1;Daloa;J106;Zaibo;23338;3632;1286;16;1782;44;4;497;3
CI180202;Sassandra-Marahoue;J2;Issia;J201;Boguédia;26336;4466;3337;58;473;64;8;522;4
CI180203;Sassandra-Marahoue;J2;Issia;J202;Iboguhé;56481;9181;3750;110;3572;137;12;1590;10
CI180201;Sassandra-Marahoue;J2;Issia;J203;Issia;126252;23248;18598;89;2064;230;47;2171;49
CI180204;Sassandra-Marahoue;J2;Issia;J204;Nahio;22943;4223;2636;36;916;30;12;591;2
CI180205;Sassandra-Marahoue;J2;Issia;J205;Namané;44527;7486;29;85;6251;31;10;1076;4
CI180206;Sassandra-Marahoue;J2;Issia;J206;Saïoua;100085;17517;9726;120;4394;238;25;3001;13
CI180207;Sassandra-Marahoue;J2;Issia;J207;Tapéguia;34004;5666;3792;26;1010;104;30;701;3
CI180302;Sassandra-Marahoue;J3;Vavoua;J301;Bazra-Nattis;67048;8326;2007;261;3828;283;70;1814;63
CI180303;Sassandra-Marahoue;J3;Vavoua;J302;Dananon;36746;4679;1164;80;2500;11;16;908;0
CI180304;Sassandra-Marahoue;J3;Vavoua;J303;Dania;106612;14938;885;349;10922;96;31;2597;58
CI180305;Sassandra-Marahoue;J3;Vavoua;J304;Kétro-Bassam;24968;3062;68;21;1616;12;12;1331;2
CI180306;Sassandra-Marahoue;J3;Vavoua;J305;Seitifla;109252;14250;435;145;10361;66;38;3196;9
CI180301;Sassandra-Marahoue;J3;Vavoua;J306;Vavoua;132528;21222;14174;199;4117;91;35;2591;15
CI180402;Sassandra-Marahoue;J4;Zoukougbeu;J401;Domangbeu;18183;2750;15;150;2182;11;11;377;4
CI180403;Sassandra-Marahoue;J4;Zoukougbeu;J402;Grégbeu;26505;4702;2150;22;1338;97;63;1024;8
CI180404;Sassandra-Marahoue;J4;Zoukougbeu;J403;Guéssabo;41931;7099;3832;49;1810;20;47;1333;8
CI180401;Sassandra-Marahoue;J4;Zoukougbeu;J404;Zoukougbeu;59918;10448;5987;164;1932;93;21;2217;34
CI230102;Sassandra-Marahoue;J5;Bonon;J501;Bonon;116871;18735;10172;557;5100;63;101;2728;14
CI230107;Sassandra-Marahoue;J5;Bonon;J502;Zaguiéta;50525;6731;4062;95;911;102;25;1536;0
CI230101;Sassandra-Marahoue;J6;Bouaflé;J601;Bégbéssou;24476;5519;3465;28;739;28;9;1248;2
CI230103;Sassandra-Marahoue;J6;Bouaflé;J602;Bouaflé;213967;45210;33511;457;4692;584;54;5845;67
CI230104;Sassandra-Marahoue;J6;Bouaflé;J603;N'Douffoukankro;20025;3575;2861;14;218;35;31;408;8
CI230105;Sassandra-Marahoue;J6;Bouaflé;J604;Pakouabo;19597;4411;2353;17;737;8;7;1287;2
CI230106;Sassandra-Marahoue;J6;Bouaflé;J605;Tibéita;22239;4301;2354;51;949;34;23;887;3
CI230302;Sassandra-Marahoue;J7;Gohitafla;J701;Gohitafla;46470;6249;5127;47;276;189;6;602;2
CI230303;Sassandra-Marahoue;J7;Gohitafla;J702;Iriéfla;8406;1107;806;3;113;13;0;170;2
CI230305;Sassandra-Marahoue;J7;Gohitafla;J703;Maminigui;28495;4012;2877;18;382;42;24;669;0
CI230202;Sassandra-Marahoue;J8;Sinfra;J801;Bazré;30562;5277;2044;45;1592;106;12;1476;2
CI230203;Sassandra-Marahoue;J8;Sinfra;J802;Kononfla;55427;10195;6107;57;1372;54;12;2591;2
CI230204;Sassandra-Marahoue;J8;Sinfra;J803;Kouétinfla;22028;4871;2217;36;1048;16;22;1532;0
CI230201;Sassandra-Marahoue;J8;Sinfra;J804;Sinfra;137210;24635;18755;150;1802;345;28;3541;14
CI230304;Sassandra-Marahoue;J9;Zuénoula;J901;Kanzra;36674;5605;1565;16;1499;57;30;2437;1
CI230306;Sassandra-Marahoue;J9;Zuénoula;J902;Voueboufla;25213;4779;2280;28;1742;10;3;714;2
CI230307;Sassandra-Marahoue;J9;Zuénoula;J903;Zanzra;44381;7278;4639;115;1704;13;4;801;2
CI230301;Sassandra-Marahoue;J9;Zuénoula;J904;Zuénoula;78613;14815;11708;34;833;28;25;2187;0
CI280101;Savanes;K1;Dikodougou;K101;Boron;34308;4587;995;33;2892;17;11;636;3
CI280102;Savanes;K1;Dikodougou;K102;Dikodougou;47935;7362;2693;20;2986;9;71;1583;0
CI280103;Savanes;K1;Dikodougou;K103;Guiembé;19872;3195;1074;10;957;8;2;1143;1
CI280202;Savanes;K2;Korhogo;K201;Dassoungboho;8703;1381;867;6;275;0;4;214;15
CI280203;Savanes;K2;Korhogo;K202;Kanoroba;24548;3436;750;16;1063;121;15;1471;0
CI280204;Savanes;K2;Korhogo;K203;Karakoro;22982;3498;2163;8;445;72;1;809;0
CI280205;Savanes;K2;Korhogo;K204;Kiémou;31958;5822;1367;243;2926;55;11;1220;0
CI280206;Savanes;K2;Korhogo;K205;Kombolokoura;8930;1776;994;23;330;1;2;426;0
CI280207;Savanes;K2;Korhogo;K206;Komborodougou;16703;2810;1690;5;498;10;4;597;6
CI280208;Savanes;K2;Korhogo;K207;Koni;17054;2699;1756;27;180;90;2;644;0
CI280201;Savanes;K2;Korhogo;K208;Korhogo;440926;81738;75172;234;2219;421;44;3626;22
CI280209;Savanes;K2;Korhogo;K209;Lataha;26895;4516;2336;22;1096;56;9;997;0
CI280211;Savanes;K2;Korhogo;K210;Nafoun;10206;1442;769;3;246;19;1;404;0
CI280212;Savanes;K2;Korhogo;K211;Napiéléodougou;31004;6429;3622;104;1276;97;10;1317;3
CI280210;Savanes;K2;Korhogo;K212;N'Ganon;9181;1767;744;13;488;6;5;509;2
CI280213;Savanes;K2;Korhogo;K213;Niofoin;36772;6844;2671;33;1646;50;27;2410;7
CI280214;Savanes;K2;Korhogo;K214;Sirasso;29633;4495;1852;28;1599;8;17;989;2
CI280215;Savanes;K2;Korhogo;K215;Sohouo;11434;1907;892;0;145;10;1;859;0
CI280216;Savanes;K2;Korhogo;K216;Tioroniaradougou;21464;3424;2492;5;233;26;4;664;0
CI280302;Savanes;K3;M'Bengué;K301;Bougou;16369;1667;714;13;535;13;3;388;1
CI280303;Savanes;K3;M'Bengué;K302;Katiali;13074;1810;883;21;457;7;7;435;0
CI280304;Savanes;K3;M'Bengué;K303;Katogo;19749;2912;2037;5;548;34;2;286;0
CI280301;Savanes;K3;M'Bengué;K304;M'Bengué;65779;11963;7938;31;1700;31;14;2235;14
CI280402;Savanes;K4;Sinématiali;K401;Bahouakaha;6300;1066;863;0;24;22;3;151;3
CI280403;Savanes;K4;Sinématiali;K402;Kagbolodougou;10153;1783;1219;9;103;11;13;425;3
CI280404;Savanes;K4;Sinématiali;K403;Sédiogo;6600;1181;817;62;108;28;0;166;0
CI280401;Savanes;K4;Sinématiali;K404;Sinématiali;51929;8663;4923;39;1562;199;27;1912;1
CI310101;Savanes;K5;Ferkessédougou;K501;Ferkéssédougou;160267;29865;18980;296;5601;321;49;4587;31
CI310102;Savanes;K5;Ferkessédougou;K502;Koumbala;14531;2085;227;10;1086;7;11;740;4
CI310103;Savanes;K5;Ferkessédougou;K503;Togoniéré;15342;2487;500;6;1073;1;3;904;0
CI310202;Savanes;K6;Kong;K601;Bilimono;28740;4072;1173;72;1589;11;13;1211;3
CI310201;Savanes;K6;Kong;K602;Kong;33391;5917;3090;11;1276;70;19;1449;2
CI310203;Savanes;K6;Kong;K603;Nafana;28439;4032;879;28;2082;6;35;1002;0
CI310204;Savanes;K6;Kong;K604;Sikolo;27733;5371;1142;22;1927;34;3;2242;1
CI310302;Savanes;K7;Ouangolodougou;K701;Diawala;85334;8067;3510;83;3478;10;29;956;1
CI310303;Savanes;K7;Ouangolodougou;K702;Kaouara;33558;4142;1115;85;2012;20;3;904;3
CI310304;Savanes;K7;Ouangolodougou;K703;Niellé;48524;5501;2705;17;2226;42;8;503;0
CI310301;Savanes;K7;Ouangolodougou;K704;Ouangolodougou;82801;13218;8675;27;2805;100;66;1537;8
CI310305;Savanes;K7;Ouangolodougou;K705;Toumoukoro;44423;4959;2939;21;1333;10;10;644;2
CI050101;Savanes;K8;Boundiali;K801;Baya;16715;2019;1603;9;136;6;1;264;0
CI050102;Savanes;K8;Boundiali;K802;Boundiali;92792;13905;9941;78;2003;116;26;1733;8
CI050103;Savanes;K8;Boundiali;K803;Ganaoni;25216;3676;1430;18;1340;16;27;845;0
CI050104;Savanes;K8;Boundiali;K804;Kasséré;39106;5711;4509;12;609;19;6;556;0
CI050105;Savanes;K8;Boundiali;K805;Siempurgo;24713;4102;2553;23;624;12;34;855;1
CI050202;Savanes;K9;Kouto;K901;Blességué;21345;2364;815;187;1077;21;2;262;0
CI050203;Savanes;K9;Kouto;K902;Gbon;32189;2819;1921;18;636;4;0;238;2
CI050204;Savanes;K9;Kouto;K903;Kolia;32113;3097;2432;2;277;9;1;365;11
CI050201;Savanes;K9;Kouto;K904;Kouto;55893;5958;4728;39;596;49;9;536;1
CI050205;Savanes;K9;Kouto;K905;Sianhala;34048;2694;2502;3;45;18;3;123;0
CI050302;Savanes;KA;Tengrela;KA01;Débété;5229;699;487;1;156;1;1;53;0
CI050303;Savanes;KA;Tengrela;KA02;Kanakono;30630;4821;3375;23;1081;20;3;318;1
CI050304;Savanes;KA;Tengrela;KA03;Papara;13448;3443;1856;36;1019;0;12;519;1
CI050301;Savanes;KA;Tengrela;KA04;Tengrela;92454;13496;11202;35;1314;24;14;906;1
CI110101;Vallée du Bandama;L1;Béoumi;L101;Ando-Kékrénou;16826;2618;1574;27;100;6;4;907;0
CI110102;Vallée du Bandama;L1;Béoumi;L102;Béoumi;85600;15381;10153;308;950;255;11;3699;5
CI110103;Vallée du Bandama;L1;Béoumi;L103;Bodokro;37048;5223;2137;50;1005;80;17;1927;7
CI110104;Vallée du Bandama;L1;Béoumi;L104;Kondrobo;18052;2534;386;25;903;4;3;1211;2
CI110105;Vallée du Bandama;L1;Béoumi;L105;Lolobo;11586;1592;843;7;135;3;1;602;1
CI110106;Vallée du Bandama;L1;Béoumi;L106;Marabadiassa;10664;1870;878;8;432;6;4;537;5
CI110107;Vallée du Bandama;L1;Béoumi;L107;N'Guéssankro;15239;2198;1195;7;269;14;1;707;5
CI110201;Vallée du Bandama;L2;Botro;L201;Botro;36461;5547;3232;5;229;14;14;2053;0
CI110202;Vallée du Bandama;L2;Botro;L202;Diabo;35761;5539;3495;214;548;24;7;1228;23
CI110203;Vallée du Bandama;L2;Botro;L203;Krofoinsou;13402;1999;196;4;619;2;3;1173;2
CI110204;Vallée du Bandama;L2;Botro;L204;Languibonou;32300;5224;3181;10;375;27;7;1622;2
CI110301;Vallée du Bandama;L3;Bouaké;L301;Bouaké;832371;152187;142867;564;2566;553;51;5544;42
CI110302;Vallée du Bandama;L3;Bouaké;L302;Bounda;15710;1975;826;14;343;23;24;744;1
CI110303;Vallée du Bandama;L3;Bouaké;L303;Brobo;22780;4123;2536;15;227;95;8;1240;2
CI110304;Vallée du Bandama;L3;Bouaké;L304;Djébonoua;40481;6242;3444;14;583;31;5;2165;0
CI110305;Vallée du Bandama;L3;Bouaké;L305;Mamini;20509;2953;791;19;430;25;5;1683;0
CI110402;Vallée du Bandama;L4;Sakassou;L401;Ayaou-Sran;16278;3431;1887;11;529;46;2;955;1
CI110403;Vallée du Bandama;L4;Sakassou;L402;Dibri-Assirikro;18405;3043;1284;16;351;93;2;1296;1
CI110401;Vallée du Bandama;L4;Sakassou;L403;Sakassou;69386;13362;8642;29;832;27;252;3572;8
CI110404;Vallée du Bandama;L4;Sakassou;L404;Toumodi-Sakassou;4041;981;761;0;4;1;0;215;0
CI170101;Vallée du Bandama;L5;Dabakala;L501;Bassawa;21487;4376;2022;17;871;69;6;1386;5
CI170102;Vallée du Bandama;L5;Dabakala;L502;Bonieredougou;27696;6095;2983;16;1259;43;28;1766;0
CI170103;Vallée du Bandama;L5;Dabakala;L503;Dabakala;78634;14894;10509;60;2281;137;11;1838;58
CI170104;Vallée du Bandama;L5;Dabakala;L504;Foumbolo;29022;7200;2726;27;2085;125;60;2166;11
CI170105;Vallée du Bandama;L5;Dabakala;L505;Niéméné;16684;3582;2082;8;422;38;12;1019;1
CI170106;Vallée du Bandama;L5;Dabakala;L506;Satama-Sokoro;26163;6048;4471;23;203;352;5;994;0
CI170107;Vallée du Bandama;L5;Dabakala;L507;Satama-Sokoura;13067;3004;2495;0;172;30;6;301;0
CI170108;Vallée du Bandama;L5;Dabakala;L508;Sokala-Sobara;17824;2922;2391;9;180;1;2;339;0
CI170109;Vallée du Bandama;L5;Dabakala;L509;Tendéné-Bambarasso;15238;2648;612;188;991;32;11;813;1
CI170110;Vallée du Bandama;L5;Dabakala;L510;Yaossédougou;8616;1535;846;0;303;1;1;384;0
CI170202;Vallée du Bandama;L6;Katiola;L601;Fronan;56796;9327;6455;103;483;287;62;1936;1
CI170201;Vallée du Bandama;L6;Katiola;L602;Katiola;90641;18052;15666;73;483;481;122;1223;4
CI170203;Vallée du Bandama;L6;Katiola;L603;Timbé;15035;2694;1868;4;35;51;5;731;0
CI170302;Vallée du Bandama;L7;Niakaramandougou;L701;Arikokaha;13486;1807;833;4;343;4;2;621;0
CI170303;Vallée du Bandama;L7;Niakaramandougou;L702;Badikaha;27498;6261;4204;323;616;18;15;834;251
CI170301;Vallée du Bandama;L7;Niakaramandougou;L703;Niakaramandougou;78301;14306;6337;68;4480;158;38;3062;163
CI170304;Vallée du Bandama;L7;Niakaramandougou;L704;Niédiékaha;13193;2166;1433;6;361;8;7;351;0
CI170305;Vallée du Bandama;L7;Niakaramandougou;L705;Tafiré;32240;5490;3819;41;799;120;10;691;10
CI170306;Vallée du Bandama;L7;Niakaramandougou;L706;Tortiya;30409;5279;3487;37;1054;55;20;626;0
CI330102;Woroba;M1;Kani;M101;Djibrosso;22484;4710;2181;23;968;129;15;1387;7
CI330103;Woroba;M1;Kani;M102;Fadiadougou;34552;6362;3348;82;2225;55;1;649;2
CI330101;Woroba;M1;Kani;M103;Kani;55109;11327;6486;49;2413;128;87;2161;3
CI330104;Woroba;M1;Kani;M104;Morondo;19283;3641;2361;9;946;30;1;293;1
CI330202;Woroba;M2;Séguéla;M201;Bobi-Diarabana;25063;5800;3161;43;1446;34;8;1108;0
CI330203;Woroba;M2;Séguéla;M202;Dualla;9996;2489;1284;5;664;6;1;528;1
CI330204;Woroba;M2;Séguéla;M203;Kamalo;13584;2864;1603;8;499;17;2;735;0
CI330205;Woroba;M2;Séguéla;M204;Massala;40647;6181;1804;90;2986;33;10;1253;5
CI330201;Woroba;M2;Séguéla;M205;Séguéla;103980;18775;16046;121;945;260;11;1383;9
CI330206;Woroba;M2;Séguéla;M206;Sifié;31264;7223;2434;34;3170;23;19;1541;2
CI330207;Woroba;M2;Séguéla;M207;Worofla;66713;11173;4591;91;3799;40;19;2611;22
CI070101;Woroba;M3;Dianra;M301;Dianra;61527;111766;5088;51;4227;54;357;1399;0
CI070102;Woroba;M3;Dianra;M302;Dianra-Village;57619;9752;4799;55;4047;34;18;798;1
CI070202;Woroba;M4;Kounahiri;M401;Kongasso;37281;5462;1296;125;2521;86;38;1394;2
CI070201;Woroba;M4;Kounahiri;M402;Kounahiri;63830;9326;3621;40;2676;30;20;2910;29
CI070302;Woroba;M5;Mankono;M501;Bouandougou;45494;9705;4360;81;3824;53;13;1372;2
CI070301;Woroba;M5;Mankono;M502;Mankono;74165;11877;8177;113;2479;192;2;901;13
CI070303;Woroba;M5;Mankono;M503;Marandallah;42729;6243;1938;41;3546;80;7;627;4
CI070304;Woroba;M5;Mankono;M504;Sarhala;42450;9372;3620;370;4442;64;16;860;0
CI070305;Woroba;M5;Mankono;M505;Tiéningboué;67055;8640;3331;58;4295;110;16;816;14
CI040102;Woroba;M6;Koro;M601;Booko;22894;3429;900;16;1033;122;14;1342;2
CI040103;Woroba;M6;Koro;M602;Borotou;5202;781;427;5;85;38;2;221;3
CI040101;Woroba;M6;Koro;M603;Koro;33567;6780;5414;92;434;123;13;704;0
CI040104;Woroba;M6;Koro;M604;Mahandougou;6337;896;362;0;223;44;2;265;0
CI040105;Woroba;M6;Koro;M605;Niokosso;8346;1281;309;3;252;99;9;609;0
CI040202;Woroba;M7;Ouaninou;M701;Gbèlo;6369;1618;467;14;432;8;34;663;0
CI040203;Woroba;M7;Ouaninou;M702;Gouékan;4592;597;104;149;205;7;9;123;0
CI040204;Woroba;M7;Ouaninou;M703;Koonan;9970;1322;601;9;171;97;8;436;0
CI040201;Woroba;M7;Ouaninou;M704;Ouaninou;27919;4773;2258;14;424;128;73;1874;2
CI040205;Woroba;M7;Ouaninou;M705;Saboudougou;5225;870;133;6;126;16;4;584;1
CI040206;Woroba;M7;Ouaninou;M706;Santa;11906;1635;310;1;277;2;21;1024;0
CI040302;Woroba;M8;Touba;M801;Dioman;6375;1091;233;2;223;10;3;617;3
CI040303;Woroba;M8;Touba;M802;Foungbesso;24562;4433;2024;28;647;28;18;1684;4
CI040304;Woroba;M8;Touba;M803;Guintéguéla;34575;6261;1822;34;1904;91;24;2236;150
CI040301;Woroba;M8;Touba;M804;Touba;55013;10451;7849;47;1006;44;10;1488;7
CI140101;Zanzan;N1;Bondoukou;N101;Appimadoum;9920;2864;993;7;541;9;21;1292;1
CI140106;Zanzan;N1;Bondoukou;N102;Pinda-Boroko;5951;1499;1220;3;49;4;1;222;0
CI140102;Zanzan;N1;Bondoukou;N103;Bondo;28482;6479;4711;12;530;51;5;1170;0
CI140103;Zanzan;N1;Bondoukou;N104;Bondoukou;141568;36959;34085;129;463;130;22;2092;38
CI140104;Zanzan;N1;Bondoukou;N105;Gouméré;23870;5709;4021;7;223;147;25;1286;0
CI140105;Zanzan;N1;Bondoukou;N106;Laoudi-Ba;98053;23639;13149;434;3684;167;104;6095;6
CI140107;Zanzan;N1;Bondoukou;N107;Sapli-Sépingo;12403;2786;2627;15;12;4;2;126;0
CI140108;Zanzan;N1;Bondoukou;N108;Sorobango;34797;8921;6990;11;349;102;6;1437;26
CI140109;Zanzan;N1;Bondoukou;N109;Tabagne;26909;6990;5666;6;209;104;1;1000;4
CI140110;Zanzan;N1;Bondoukou;N110;Tagadi;35143;7436;820;49;2662;78;204;3568;55
CI140111;Zanzan;N1;Bondoukou;N111;Taoudi;27917;6292;5186;2;121;179;7;797;0
CI140112;Zanzan;N1;Bondoukou;N112;Yézimala;8829;2769;2159;2;76;3;1;514;14
CI140202;Zanzan;N2;Koun Fao;N201;Boahia;11834;2153;1469;21;265;146;11;241;0
CI140203;Zanzan;N2;Koun Fao;N202;Kokomian;15090;2511;2243;15;23;6;7;160;57
CI140204;Zanzan;N2;Koun Fao;N203;Kouassi-Datékro;30328;7054;4044;82;684;61;8;2160;15
CI140201;Zanzan;N2;Koun Fao;N204;Koun-Fao;49280;10047;7666;36;850;38;10;1435;12
CI140205;Zanzan;N2;Koun Fao;N205;Tankessé;35940;7875;5893;36;580;97;10;1258;1
CI140206;Zanzan;N2;Koun Fao;N206;Tienkoikro;25409;4856;4130;18;139;10;5;542;12
CI140302;Zanzan;N3;Sandegue;N301;Bandakagni-Tomora;11264;2611;2206;1;92;36;29;244;3
CI140303;Zanzan;N3;Sandegue;N302;Dimandougou;9190;2404;1400;6;280;38;1;667;12
CI140301;Zanzan;N3;Sandegue;N303;Sandégué;26918;6638;3829;78;850;84;29;1766;2
CI140304;Zanzan;N3;Sandegue;N304;Yorobodi;22369;5655;3156;37;652;90;10;1675;35
CI140502;Zanzan;N4;Transua;N401;Assuéfry;45293;7748;5501;13;475;77;9;1665;8
CI140503;Zanzan;N4;Transua;N402;Kouassia-Niaguini;21522;2949;1825;15;449;95;1;555;9
CI140501;Zanzan;N4;Transua;N403;Transua;46026;8213;6379;20;269;114;27;1401;3
CI140402;Zanzan;N5;Tanda;N501;Amanvi;10141;2977;2292;11;93;75;1;505;0
CI140403;Zanzan;N5;Tanda;N502;Diamba;17045;3761;1316;26;433;19;10;1957;0
CI140401;Zanzan;N5;Tanda;N503;Tanda;69597;16100;13231;75;546;51;16;2178;3
CI140404;Zanzan;N5;Tanda;N504;Tchèdio;16740;3855;3247;12;46;45;0;474;31
CI080101;Zanzan;N6;Bouna;N601;Bouko;24550;3230;449;23;887;43;16;1762;50
CI080102;Zanzan;N6;Bouna;N602;Bouna;94883;17285;8232;288;3231;125;132;5244;33
CI080103;Zanzan;N6;Bouna;N603;Ondéfidouo;33822;4855;1655;40;818;8;21;2311;2
CI080105;Zanzan;N6;Bouna;N604;Youndouo;24826;3494;546;9;1203;9;7;1717;3
CI080104;Zanzan;N6;Bouna;N60X;Parc National de Bona;;;;;;;;;
CI080201;Zanzan;N7;Doropo;N701;Danoa;13502;1465;12;28;744;1;8;672;0
CI080202;Zanzan;N7;Doropo;N702;Doropo;48225;8269;4237;111;1303;21;19;2572;6
CI080203;Zanzan;N7;Doropo;N703;Kalamon;9236;1400;347;18;433;16;6;579;1
CI080204;Zanzan;N7;Doropo;N704;Niamoué;22423;2493;253;4;1249;47;9;930;1
CI080302;Zanzan;N8;Nassian;N801;Bogofa;10544;1937;721;1;213;7;11;984;0
CI080303;Zanzan;N8;Nassian;N802;Kakpin;8441;1719;249;4;786;4;29;634;13
CI080304;Zanzan;N8;Nassian;N803;Koutouba;14209;2516;1067;5;342;95;9;977;21
CI080301;Zanzan;N8;Nassian;N804;Nassian;27159;6267;3545;167;599;87;51;1817;1
CI080305;Zanzan;N8;Nassian;N805;Sominassé;11371;2079;1049;9;460;38;25;497;1
CI080402;Zanzan;N9;Téhini;N901;Gogo;23509;2328;193;6;796;3;84;1245;1
CI080401;Zanzan;N9;Téhini;N902;Téhini;29755;3483;412;67;1724;7;25;1244;4
CI080403;Zanzan;N9;Téhini;N903;Tougbo;30582;3772;484;51;2040;50;11;1133;3